country,parl_pres,inst_sys,pr_maj,pr,unicameral,trans,protest,econ_lib,econ_lib_prior,gini,effect
Benin,Semi-presidential,0.5,PR,1,1,protest,1,before,1,37.13,0.127
Ghana,Semi-presidential,0.5,Maj,0,1,foreign,0,before,1,35.83,0.17
Kenya,Semi-presidential,0.5,Maj,0,1,foreign,0,after,0,50.68,0.039
Madagascar,Semi-presidential,0.5,MM,1,0,protest,1,after,0,38.84,-0.118
Malawi,Presidential,1,Maj,0,1,protest,1,before,1,59.62,-0.023
Mali,Presidential,1,Maj,0,1,protest,1,never,NA,39.98,0.398
Senegal,Presidential,1,MM,1,1,protest,1,before,1,51.72,0.257
Tanzania,Presidential,1,Maj,0,1,managed,0,after,0,40.43,-0.067
Zambia,Presidential,1,Maj,0,1,protest,1,after,0,56.78,-0.179